code,name,valumn,percent
90000,浦發銀行,1234106,0.0
90004,白雲機場,-1011705,-0.05000000000000071
90006,東風汽車,-271636,-0.009999999999999995
90007,中國國貿,-55318,-0.010000000000000009
90008,首創股份,48400,0.0
90009,上海機場,1486532,0.129999999999999
90010,包鋼股份,626971,0.0
90011,華能國際,356602,0.010000000000000009
90012,皖通高速,-115600,-0.009999999999999953
90015,華夏銀行,725661,0.009999999999999953
90016,民生銀行,-555983,0.0
90017,日照港,0,0.0
90018,上港集團,-730487,0.0
90019,寶鋼股份,24770184,0.1200000000000001
90020,中原高速,-298500,-0.019999999999999962
90021,上海電力,-3176,0.0
90023,浙能電力,620889,0.010000000000000009
90025,華能水電,273900,0.019999999999999962
90026,中遠海能,-291600,-0.010000000000000009
90027,華電國際,410246,0.0
90028,中國石化,12456099,0.010000000000000009
90029,南方航空,371134,0.0
90030,中信證券,-3649708,-0.040000000000000036
90031,三一重工,11847166,0.1599999999999997
90033,福建高速,0,0.0
90036,招商銀行,6833637,0.03000000000000025
90037,歌華有線,0,0.0
90038,中直股份,-152242,-0.020000000000000018
90039,四川路橋,-1433600,-0.04999999999999999
90048,保利地產,882776,0.010000000000000009
90050,中國聯通,4607276,0.020000000000000018
90053,九鼎投資,-92900,-0.020000000000000004
90054,黃山旅遊,-41408,-0.010000000000000009
90056,中國醫藥,-318777,-0.030000000000000027
90058,五礦發展,0,0.0
90059,古越龍山,0,0.0
90060,海信電器,-1443417,-0.1100000000000001
90061,國投資本,91182,0.0
90062,華潤雙鶴,-36819,-0.010000000000000231
90063,皖維高新,0,0.0
90064,南京高科,0,0.0
90066,宇通客車,-5117,0.0
90067,冠城大通,0,0.0
90068,葛洲壩,861504,0.020000000000000018
90072,中船科技,1100,0.0
90073,上海梅林,189160,0.020000000000000018
90074,*ST保千,0,0.0
90075,新疆天業,-289480,-0.039999999999999994
90077,宋都股份,0,0.0
90078,澄星股份,0,0.0
90079,人福醫藥,695113,0.06000000000000005
90080,金花股份,0,0.0
90081,東風科技,0,0.0
90085,同仁堂,-34376,0.0
90086,東方金鈺,0,0.0
90088,中視傳媒,0,0.0
90089,特變電工,235859,0.010000000000000009
90093,易見股份,23600,0.01
90094,大名城,-282600,-0.019999999999999962
90096,雲天化,0,0.0
90098,廣州發展,0,0.0
90100,同方股份,-60786,-0.010000000000000009
90101,明星電力,0,0.0
90104,上汽集團,-100493,0.0
90105,永鼎股份,-159253,-0.019999999999999997
90106,重慶路橋,0,0.0
90108,亞盛集團,-3100,0.0
90109,國金證券,259659,0.010000000000000009
90110,諾德股份,0,0.0
90111,北方稀土,590524,0.020000000000000018
90112,天成控股,0,0.0
90113,浙江東日,0,0.0
90114,東睦股份,-111354,-0.020000000000000018
90115,東方航空,496036,0.0
90116,三峽水利,49225,0.009999999999999953
90118,中國衛星,84862,0.010000000000000009
90119,長江投資,0,0.0
90120,浙江東方,0,0.0
90121,鄭州煤電,0,0.0
90122,宏圖高科,0,0.0
90123,蘭花科創,138000,0.010000000000000009
90125,鐵龍物流,-198614,-0.020000000000000018
90132,重慶啤酒,0,0.0
90135,樂凱膠片,0,0.0
90138,中青旅,-46023,-0.009999999999999787
90141,興發集團,313981,0.050000000000000044
90143,金發科技,-869256,-0.03999999999999998
90150,*ST船舶,0,0.0
90153,建發股份,-204365,-0.010000000000000009
90155,華創陽安,-4300,0.0
90157,永泰能源,0,0.0
90158,中體產業,99300,0.019999999999999962
90160,巨化股份,0,0.0
90161,天壇生物,-40909,0.0
90162,香江控股,-674300,-0.019999999999999962
90166,福田汽車,-1940300,-0.03
90167,聯美控股,-16821,0.0
90168,武漢控股,0,0.0
90169,太原重工,0,0.0
90170,上海建工,0,0.0
90171,上海貝嶺,57900,0.0
90172,黃河旋風,2321,0.0
90173,臥龍地產,0,0.0
90175,美都能源,0,0.0
90176,中國巨石,3699070,0.10000000000000053
90177,雅戈爾,255660,0.0
90180,瑞茂通,-77500,-0.010000000000000009
90183,生益科技,1110231,0.04999999999999982
90185,格力地產,-501600,-0.030000000000000027
90188,兗州煤業,2267699,0.07999999999999999
90190,錦州港,0,0.0
90195,中牧股份,-15100,0.0
90196,復星醫藥,860532,0.050000000000000044
90197,伊力特,-3392,0.0
90200,江蘇吳中,-240000,-0.02999999999999997
90201,生物股份,-476753,-0.04999999999999982
90206,有研新材,9900,0.0
90208,新湖中寶,-546390,0.0
90210,紫江企業,-458497,-0.03
90216,浙江醫藥,602059,0.06000000000000005
90218,全柴動力,0,0.0
90219,南山鋁業,-1161736,-0.020000000000000018
90221,海航控股,-100,0.0
90226,瀚葉股份,0,0.0
90230,滄州大化,-55400,-0.010000000000000002
90231,凌鋼股份,24900,0.0
90233,圓通速遞,-51477,-0.010000000000000009
90236,桂冠電力,-564767,-0.020000000000000018
90238,*ST椰島,0,0.0
90239,雲南城投,281000,0.01999999999999999
90240,華業資本,-48400,-0.010000000000000009
90246,萬通地產,0,0.0
90248,延長化建,0,0.0
90251,冠農股份,0,0.0
90252,中恆集團,-325700,-0.010000000000000009
90255,夢舟股份,341000,0.01999999999999999
90256,廣彙能源,0,0.0
90257,大湖股份,0,0.0
90258,首旅酒店,796776,0.129999999999999
90259,廣晟有色,0,0.0
90260,凱樂科技,-47402,-0.010000000000000009
90261,陽光照明,53413,0.009999999999999981
90266,北京城建,-212000,-0.010000000000000009
90267,海正藥業,0,0.0
90268,國電南自,0,0.0
90269,贛粵高速,-490100,-0.019999999999999962
90270,外運發展,-12040,0.0
90271,航天信息,-61112,0.0
90273,嘉化能源,4711808,0.32000000000000006
90276,恆瑞醫藥,145367,0.0
90277,億利潔能,-137534,-0.009999999999999981
90278,東方創業,0,0.0
90280,中央商場,-152400,-0.020000000000000004
90282,南鋼股份,0,0.0
90284,浦東建設,-365708,-0.040000000000000036
90285,羚銳製藥,-148900,-0.029999999999999916
90289,*ST信通,0,0.0
90290,華儀電氣,0,0.0
90291,西水股份,174475,0.010000000000000009
90292,遠達環保,0,0.0
90295,鄂爾多斯,157335,0.020000000000000018
90297,廣匯汽車,323057,0.010000000000000009
90298,安琪酵母,65855,0.0
90299,安迪蘇,44400,0.0
90300,維維股份,0,0.0
90305,恆順醋業,133308,0.020000000000000018
90307,酒鋼宏興,0,0.0
90309,萬華化學,304147,0.010000000000000009
90310,桂東電力,-152556,-0.020000000000000018
90312,平高電氣,-463900,-0.04000000000000001
90315,上海家化,108322,0.020000000000000018
90316,洪都航空,0,0.0
90317,營口港,0,0.0
90318,新力金融,0,0.0
90321,*ST正源,0,0.0
90323,瀚藍環境,-104739,-0.020000000000000018
90325,華發股份,-440200,-0.030000000000000027
90326,西藏天路,209800,0.030000000000000006
90327,大東方,0,0.0
90329,中新藥業,-1199200,-0.20999999999999996
90332,白雲山,258137,0.030000000000000027
90333,長春燃氣,0,0.0
90335,國機汽車,0,0.0
90337,美克家居,21447,0.0
90338,西藏珠峰,-170939,-0.09999999999999998
90340,華夏幸福,326419,0.010000000000000009
90343,航天動力,153400,0.020000000000000018
90345,長江通信,99200,0.04999999999999999
90346,恆力股份,449043,0.03999999999999998
90348,陽泉煤業,1453198,0.06000000000000005
90350,山東高速,-19100,0.0
90351,亞寶藥業,0,0.0
90352,浙江龍盛,-11697,0.0
90353,旭光股份,0,0.0
90362,江西銅業,236425,0.019999999999999962
90363,聯創光電,-35800,-0.010000000000000009
90366,寧波韻升,-141400,-0.019999999999999962
90369,西南證券,0,0.0
90372,中航電子,-192545,-0.010000000000000009
90373,中文傳媒,49521,0.0
90375,華菱星馬,0,0.0
90376,首開股份,-6000,0.0
90377,寧滬高速,-116800,-0.010000000000000009
90378,天科股份,0,0.0
90380,健康元,149372,0.010000000000000009
90381,青海春天,0,0.0
90382,廣東明珠,0,0.0
90383,金地集團,615715,0.010000000000000009
90386,北巴傳媒,0,0.0
90387,海越股份,98645,0.030000000000000027
90388,龍淨環保,26214,0.0
90389,江山股份,0,0.0
90391,航發科技,-16500,-0.010000000000000009
90392,盛和資源,53960,0.01
90393,粵泰股份,551900,0.05999999999999983
90395,盤江股份,114600,0.0
90396,金山股份,0,0.0
90397,*ST安煤,0,0.0
90398,海瀾之家,424962,0.010000000000000009
90399,*ST撫鋼,0,0.0
90400,紅豆股份,-19630,0.0
90403,大有能源,0,0.0
90405,動力源,0,0.0
90406,國電南瑞,105532,0.0
90409,三友化工,256800,0.009999999999999981
90410,華勝天成,-28766,0.0
90415,小商品城,-663300,-0.010000000000000009
90416,湘電股份,-273100,-0.030000000000000027
90418,江淮汽車,-69608,-0.009999999999999995
90420,現代製藥,30817,0.0
90422,昆藥集團,-101300,-0.010000000000000009
90425,青松建化,0,0.0
90426,華魯恆升,-223763,-0.010000000000000009
90428,中遠海特,97700,0.0
90433,冠豪高新,0,0.0
90435,北方導航,113200,0.009999999999999953
90436,片仔？,62679,0.010000000000000009
90438,通威股份,-1038550,-0.040000000000000036
90439,瑞貝卡,626179,0.05999999999999983
90446,金證股份,-184900,-0.019999999999999962
90449,寧夏建材,0,0.0
90452,涪陵電力,-23820,-0.009999999999999995
90458,時代新材,-20000,0.0
90459,貴研鉑業,-111080,-0.030000000000000027
90460,士蘭微,157900,0.010000000000000009
90466,藍光發展,897095,0.030000000000000027
90467,好當家,0,0.0
90468,百利電氣,0,0.0
90469,風神股份,0,0.0
90470,六國化工,0,0.0
90477,杭蕭鋼構,-229500,-0.020000000000000018
90478,科力遠,0,0.0
90479,千金藥業,0,0.0
90480,凌雲股份,0,0.0
90481,雙良節能,0,0.0
90482,中國動力,181623,0.019999999999999907
90483,福能股份,-1700,0.0
90485,信威集團,0,0.0
90486,揚農化工,-263,0.0
90487,亨通光電,189120,0.010000000000000009
90488,天藥股份,0,0.0
90489,中金黃金,-947557,-0.02999999999999997
90490,鵬欣資源,0,0.0
90491,龍元建設,143500,0.009999999999999898
90495,晉西車軸,11900,0.0
90496,精工鋼構,0,0.0
90497,馳宏鋅鍺,-87812,-0.010000000000000009
90498,烽火通信,-370051,-0.039999999999999925
90499,科達潔能,278810,0.019999999999999962
90500,中化國際,-254195,-0.010000000000000009
90501,航天晨光,-300,0.0
90502,安徽水利,11332,0.0
90503,華麗家族,357200,0.020000000000000018
90507,方大特鋼,79600,0.0
90508,上海能源,0,0.0
90509,天富能源,0,0.0
90510,黑牡丹,0,0.0
90511,國藥股份,-197283,-0.07000000000000028
90513,聯環藥業,0,0.0
90516,方大炭素,550070,0.030000000000000027
90517,置信電氣,160100,0.020000000000000018
90518,康美藥業,282050,0.010000000000000009
90519,貴州茅台,-991247,-0.08000000000000007
90521,華海藥業,356994,0.030000000000000027
90522,中天科技,268800,0.009999999999999898
90523,貴航股份,0,0.0
90525,長園集團,276700,0.020000000000000018
90526,菲達環保,-141999,-0.030000000000000027
90527,江南高纖,0,0.0
90528,中鐵工業,414581,0.01999999999999999
90531,豫光金鉛,-17000,0.0
90532,宏達礦業,0,0.0
90535,天士力,286700,0.019999999999999574
90536,中國軟件,254122,0.050000000000000044
90537,億晶光電,0,0.0
90545,卓郎智能,-158200,-0.030000000000000013
90546,山煤國際,0,0.0
90547,山東黃金,95800,0.0
90548,深高速,-59249,-0.010000000000000009
90549,廈門鎢業,124360,0.010000000000000009
90551,時代出版,-49746,-0.010000000000000009
90552,凱盛科技,0,0.0
90557,康緣藥業,-132107,-0.029999999999999916
90559,老白干酒,17520,0.0
90561,江西長運,0,0.0
90562,國睿科技,-46610,-0.010000000000000009
90563,法拉電子,-59291,-0.030000000000000027
90565,迪馬股份,-1109401,-0.05
90566,濟川藥業,-87578,-0.009999999999999898
90567,山鷹紙業,-296219,-0.010000000000000231
90568,中珠醫療,-1932800,-0.12000000000000005
90570,恆生電子,-66596,-0.010000000000000009
90571,信雅達,0,0.0
90572,康恩貝,-551075,-0.02999999999999997
90577,精達股份,92100,0.010000000000000009
90578,京能電力,737,0.0
90580,臥龍電氣,-52192,0.0
90582,天地科技,1427500,0.02999999999999997
90583,海油工程,90137,0.0
90584,長電科技,66551,0.0
90585,海螺水泥,-2533011,-0.0600000000000005
90586,金晶科技,0,0.0
90587,新華醫療,-101300,-0.020000000000000018
90588,用友網絡,-66756,0.0
90589,廣東榕泰,0,0.0
90594,益佰製藥,243708,0.030000000000000027
90596,新安股份,-52837,-0.010000000000000009
90597,光明乳業,41500,0.0
90598,北大荒,134100,0.009999999999999995
90600,青島啤酒,177076,0.029999999999999916
90601,方正科技,0,0.0
90604,市北高新,0,0.0
90606,綠地控股,4621055,0.039999999999999925
90611,大眾交通,-402900,-0.03
90612,老鳳祥,-3580,0.0
90613,神奇製藥,0,0.0
90614,鵬起科技,-63265,0.0
90616,金楓酒業,0,0.0
90617,國新能源,0,0.0
90618,氯鹼化工,0,0.0
90620,天宸股份,0,0.0
90621,華鑫股份,0,0.0
90622,光大嘉寶,0,0.0
90623,華誼集團,363393,0.04000000000000001
90624,復旦復華,0,0.0
90626,申達股份,83200,0.009999999999999995
90628,新世界,0,0.0
90629,華建集團,0,0.0
90633,浙數文化,-195000,-0.009999999999999981
90634,*ST富控,0,0.0
90635,大眾公用,-291850,-0.009999999999999995
90636,三愛富,0,0.0
90637,東方明珠,-255375,-0.010000000000000009
90638,新黃浦,0,0.0
90639,浦東金橋,0,0.0
90640,號百控股,0,0.0
90641,萬業企業,0,0.0
90642,申能股份,-393500,-0.010000000000000009
90643,愛建集團,45694,0.010000000000000009
90645,中源協和,0,0.0
90648,外高橋,-130106,-0.020000000000000018
90649,城投控股,-362278,-0.020000000000000018
90650,錦江投資,0,0.0
90651,飛樂音響,-19491,0.0
90654,ST中安,0,0.0
90655,豫園股份,152654,0.009999999999999953
90657,信達地產,-876575,-0.04999999999999982
90658,電子城,0,0.0
90660,福耀玻璃,611602,0.02999999999999936
90661,新南洋,-50100,-0.020000000000000018
90662,強生控股,0,0.0
90663,陸家嘴,-28695,0.0
90664,哈藥股份,-724235,-0.02999999999999997
90666,奧瑞德,-3800,0.0
90667,太極實業,-12200,0.0
90668,尖峰集團,-170159,-0.050000000000000044
90673,東陽光科,-464300,-0.020000000000000018
90674,川投能源,74400,0.0
90675,中華企業,0,0.0
90676,交運股份,0,0.0
90677,航天通信,0,0.0
90682,南京新百,-488700,-0.06000000000000005
90684,珠江實業,-28159,-0.009999999999999898
90685,中船防務,56117,0.010000000000000009
90686,金龍汽車,0,0.0
90687,剛泰控股,0,0.0
90688,上海石化,-180886,0.0
90690,青島海爾,-3300359,-0.05999999999999961
90693,東百集團,-8500,0.0
90694,大商股份,68964,0.020000000000000018
90697,歐亞集團,0,0.0
90699,均勝電子,110873,0.010000000000000009
90703,三安光電,-87771,0.0
90704,物產中大,751219,0.06000000000000005
90705,中航資本,1057332,0.009999999999999898
90708,光明地產,-1192100,-0.08999999999999997
90711,盛屯礦業,394900,0.019999999999999962
90715,文投控股,15200,0.0
90716,鳳凰股份,0,0.0
90717,天津港,-109712,-0.009999999999999995
90718,東軟集團,-200,0.0
90720,祁連山,133200,0.020000000000000018
90723,首商股份,0,0.0
90724,寧波富達,0,0.0
90729,重慶百貨,185431,0.040000000000000036
90730,中國高科,0,0.0
90736,蘇州高新,0,0.0
90737,中糧糖業,-179092,-0.009999999999999787
90739,遼寧成大,125000,0.010000000000000009
90741,華域汽車,-1436254,-0.05000000000000071
90742,一汽富維,-44994,-0.010000000000000009
90743,華遠地產,-120151,0.0
90747,ST大控,0,0.0
90748,上實發展,-595038,-0.040000000000000036
90750,江中藥業,-295763,-0.07000000000000006
90754,錦江股份,-3103,0.0
90755,廈門國貿,-146796,-0.009999999999999981
90756,浪潮軟件,97122,0.030000000000000027
90757,長江傳媒,119846,0.010000000000000009
90758,紅陽能源,-39300,-0.010000000000000009
90759,洲際油氣,0,0.0
90760,中航沈飛,189330,0.06
90761,安徽合力,0,0.0
90763,通策醫療,81600,0.030000000000000027
90765,中航重機,-58168,-0.010000000000000009
90770,綜藝股份,0,0.0
90773,西藏城投,0,0.0
90775,南京熊貓,-3400,0.0
90776,東方通信,0,0.0
90778,*ST友好,0,0.0
90779,水井坊,35683,0.009999999999999787
90780,通寶能源,0,0.0
90782,新鋼股份,2330985,0.08000000000000007
90783,魯信創投,0,0.0
90784,魯銀投資,0,0.0
90785,新華百貨,0,0.0
90787,中儲股份,-273947,-0.009999999999999787
90790,輕紡城,0,0.0
90794,保稅科技,0,0.0
90795,國電電力,2667900,0.010000000000000009
90797,浙大網新,0,0.0
90801,華新水泥,319714,0.03000000000000025
90802,福建水泥,0,0.0
90803,新奧股份,111073,0.010000000000000009
90804,鵬博士,437527,0.03000000000000025
90805,悅達投資,0,0.0
90807,*ST天業,0,0.0
90808,馬鋼股份,4123281,0.06999999999999984
90809,山西汾酒,-159763,-0.020000000000000018
90811,東方集團,0,0.0
90814,杭州解百,-209203,-0.030000000000000027
90816,安信信托,561036,0.010000000000000009
90818,中路股份,0,0.0
90820,隧道股份,407800,0.010000000000000009
90823,世茂股份,141100,0.0
90824,益民集團,0,0.0
90825,新華傳媒,0,0.0
90826,蘭生股份,166142,0.04000000000000001
90827,百聯股份,33400,0.0
90828,茂業商業,-421246,-0.05999999999999994
90829,人民同泰,-64858,-0.009999999999999981
90830,香溢融通,0,0.0
90831,廣電網絡,0,0.0
90833,第一醫藥,0,0.0
90835,上海機電,-218100,-0.030000000000000027
90837,海通證券,32300,0.0
90838,上海九百,1700,0.0
90839,四川長虹,-1000,0.0
90845,寶信軟件,0,0.0
90846,同濟科技,21241,0.0
90850,華東電腦,0,0.0
90856,中天能源,443900,0.03999999999999998
90858,銀座股份,0,0.0
90859,王府井,-101213,-0.030000000000001137
90860,京城股份,-4100,0.0
90862,中航高科,-250700,-0.03
90863,內蒙華電,-660297,-0.009999999999999981
90864,哈投股份,-900,0.0
90867,通化東寶,-748941,-0.040000000000000036
90869,智慧能源,0,0.0
90871,石化油服,-50,0.0
90872,中炬高新,-532453,-0.06999999999999984
90873,梅花生物,0,0.0
90874,創業環保,64700,0.010000000000000009
90875,東方電氣,-539631,-0.03
90876,洛陽玻璃,20800,0.0
90879,航天電子,-576554,-0.020000000000000018
90880,博瑞傳播,0,0.0
90881,亞泰集團,-37258,0.0
90882,廣澤股份,0,0.0
90884,杉杉股份,-3131,0.0
90885,宏發股份,96775,0.009999999999999787
90886,國投電力,257184,0.0
90887,伊利股份,1946899,0.030000000000001137
90888,新疆眾和,0,0.0
90891,秋林集團,0,0.0
90893,航發動力,-550395,-0.030000000000000027
90894,廣日股份,-900,0.0
90895,張江高科,54600,0.0
90897,廈門空港,-8160,-0.010000000000000009
90900,長江電力,-1088915,-0.009999999999999787
90909,華安證券,319800,0.010000000000000009
90917,重慶燃氣,5400,0.0
90919,江蘇銀行,839708,0.010000000000000009
90926,杭州銀行,378459,0.020000000000000018
90933,愛柯迪,21000,0.01
90958,東方證券,437901,0.010000000000000009
90959,江蘇有線,0,0.0
90963,岳陽林紙,0,0.0
90965,福成股份,86000,0.020000000000000004
90967,內蒙一機,586716,0.06999999999999998
90970,中材國際,-19719,0.0
90971,恆源煤電,804802,0.08000000000000002
90973,寶勝股份,-181590,-0.020000000000000018
90975,新五豐,121612,0.020000000000000004
90976,健民集團,0,0.0
90977,中國電影,-61238,-0.010000000000000009
90978,宜華生活,-558824,-0.039999999999999925
90979,廣安愛眾,0,0.0
90981,匯鴻集團,0,0.0
90983,惠而浦,0,0.0
90985,雷鳴科化,0,0.0
90986,科達股份,36884,0.010000000000000009
90987,航民股份,-171388,-0.029999999999999916
90988,赤峰黃金,81080,0.0
90990,四創電子,-100,0.0
90993,馬應龍,-350375,-0.08000000000000007
90995,文山電力,0,0.0
90996,貴廣網絡,-19700,-0.009999999999999998
90997,開灤股份,0,0.0
90998,九州通,131894,0.0
90999,招商證券,271122,0.0
91000,唐山港,724275,0.010000000000000009
91001,大同煤業,64024,0.0
91002,晉億實業,-37100,0.0
91003,柳鋼股份,993801,0.040000000000000036
91005,*ST重鋼,130900,0.0
91006,大秦鐵路,8496368,0.04999999999999982
91009,南京銀行,-2547620,-0.030000000000000027
91010,文峰股份,0,0.0
91012,隆基股份,-687976,-0.020000000000000018
91015,陝西黑貓,-118450,-0.010000000000000002
91016,節能風電,-603527,-0.019999999999999962
91018,寧波港,188679,0.0
91019,山東出版,-31700,-0.010000000000000009
91020,華鈺礦業,7500,0.0
91021,春秋航空,-105970,-0.009999999999999787
91038,一拖股份,7591,0.010000000000000009
91058,賽輪金宇,2192262,0.09999999999999998
91066,中信建投,0,0.0
91069,西部黃金,-67400,-0.010000000000000002
91088,中國神華,387317,0.0
91098,中南傳媒,-93763,-0.009999999999999787
91099,太平洋,-33528,0.0
91100,恆立液壓,-21660,0.0
91101,昊華能源,0,0.0
91106,中國一重,0,0.0
91107,四川成渝,-96725,-0.009999999999999953
91108,財通證券,7640,0.0
91111,中國國航,3213058,0.030000000000000027
91116,三江購物,88300,0.01999999999999999
91117,中國化學,2945961,0.05999999999999983
91118,海南橡膠,0,0.0
91126,四方股份,0,0.0
91127,小康股份,-60600,-0.03999999999999998
91128,常熟銀行,639977,0.05999999999999994
91139,深圳燃氣,1390524,0.04999999999999993
91155,新城控股,178695,0.030000000000000027
91158,重慶水務,-129739,0.0
91163,三角輪胎,0,0.0
91166,興業銀行,2959359,0.020000000000000018
91168,西部礦業,278420,0.010000000000000009
91169,北京銀行,-485217,0.0
91179,中國西電,0,0.0
91186,中國鐵建,2456767,0.020000000000000018
91198,東興證券,309600,0.009999999999999981
91199,江南水務,-133800,-0.010000000000000009
91200,上海環境,-19900,0.0
91208,東材科技,0,0.0
91211,國泰君安,94143,0.0
91212,白銀有色,134700,0.0
91216,君正集團,-534732,-0.010000000000000009
91218,吉鑫科技,0,0.0
91222,林洋能源,-259622,-0.01999999999999999
91225,陝西煤業,1544662,0.010000000000000009
91226,華電重工,0,0.0
91228,廣州港,507824,0.030000000000000027
91229,上海銀行,59360,0.0
91231,環旭電子,-469031,-0.020000000000000018
91233,桐昆股份,-363139,-0.020000000000000018
91238,廣汽集團,-263337,-0.010000000000000009
91258,龐大集團,0,0.0
91288,農業銀行,1324396,0.0
91311,駱駝股份,-13486,-0.010000000000000009
91318,中國平安,9374087,0.08000000000000007
91326,秦港股份,1500,0.0
91328,交通銀行,2254622,0.0
91330,綠色動力,-4000,0.0
91333,廣深鐵路,-1297246,-0.020000000000000018
91336,新華保險,975092,0.040000000000000036
91339,百隆東方,0,0.0
91360,三六零,124382,0.02999999999999997
91368,綠城水務,-60500,-0.010000000000000009
91369,陝鼓動力,0,0.0
91375,中原證券,-255053,-0.010000000000000009
91377,興業證券,802843,0.010000000000000009
91388,怡球資源,0,0.0
91390,中國中鐵,0,0.0
91398,工商銀行,5910067,0.0
91515,東風股份,-51100,0.0
91555,東吳證券,344200,0.010000000000000009
91566,九牧王,0,0.0
91567,三星醫療,-94274,-0.010000000000000009
91588,北辰實業,-118487,0.0
91595,上海電影,-32081,-0.03
91600,中國鋁業,2885500,0.030000000000000027
91601,中國太保,1592050,0.029999999999999916
91607,上海醫藥,-75185,0.0
91608,中信重工,0,0.0
91611,中國核建,-28500,0.0
91618,中國中冶,2007687,0.010000000000000009
91628,中國人壽,467169,0.0
91633,長城汽車,1048196,0.019999999999999962
91636,旗濱集團,988509,0.040000000000000036
91666,平煤股份,1325300,0.04999999999999993
91668,中國建築,64878,0.0
91669,中國電建,1075908,0.009999999999999953
91678,濱化股份,-561148,-0.02999999999999997
91688,華泰證券,818593,0.020000000000000018
91689,拓普集團,-4873,0.0
91699,潞安環能,621022,0.019999999999999907
91700,風範股份,0,0.0
91717,鄭煤機,-257677,-0.020000000000000018
91718,際華集團,100058,0.0
91727,上海電氣,0,0.0
91766,中國中車,-1414573,-0.010000000000000009
91777,力帆股份,0,0.0
91788,光大證券,-55193,0.0
91789,寧波建工,-147100,-0.009999999999999995
91798,*ST藍科,0,0.0
91799,星宇股份,-8626,0.0
91800,中國交建,229065,0.0
91801,皖新傳媒,-700,0.0
91808,中海油服,-80004,-0.009999999999999981
91811,新華文軒,8226,0.0
91818,光大銀行,-34415,0.0
91828,美凱龍,-409082,-0.13
91838,成都銀行,30800,0.010000000000000009
91857,中國石油,624453,0.0
91858,中國科傳,76300,0.04000000000000001
91866,中遠海發,-165200,0.0
91872,招商輪船,0,0.0
91877,正泰電器,19768,0.0
91878,浙商證券,113600,0.010000000000000009
91880,大連港,-1020448,-0.010000000000000002
91881,中國銀河,732600,0.05999999999999994
91886,江河集團,0,0.0
91888,中國國旅,-2372491,-0.129999999999999
91890,亞星錨鏈,65400,0.01
91898,中煤能源,374514,0.010000000000000009
91899,紫金礦業,-1709338,-0.010000000000000009
91901,方正證券,867117,0.009999999999999787
91908,京運通,-141179,-0.010000000000000009
91918,新集能源,0,0.0
91919,中遠海控,200500,0.0
91928,鳳凰傳媒,0,0.0
91929,吉視傳媒,0,0.0
91933,永輝超市,24622,0.0
91939,建設銀行,-3834141,-0.040000000000000036
91958,金鉬股份,153000,0.0
91965,中國汽研,0,0.0
91966,玲瓏輪胎,200,0.0
91968,寶鋼包裝,0,0.0
91969,海南礦業,0,0.0
91985,中國核電,1019186,0.0
91988,中國銀行,-840737,-0.009999999999999953
91989,中國重工,-654700,-0.010000000000000009
91991,大唐發電,-18200,0.0
91992,金隅集團,-58310,0.0
91996,豐林集團,0,0.0
91997,貴陽銀行,130923,0.010000000000000009
91998,中信銀行,4725884,0.020000000000000018
93000,人民網,74240,0.0
93001,奧康國際,0,0.0
93005,晶方科技,0,0.0
93007,花王股份,400,0.0
93008,喜臨門,27542,0.010000000000000009
93009,北特科技,0,0.0
93019,中科曙光,274600,0.03999999999999998
93025,大豪科技,-43914,0.0
93056,德邦股份,17796,0.020000000000000018
93060,國檢集團,-24400,-0.03999999999999998
93077,和邦生物,-963700,-0.010000000000000009
93080,新疆火炬,100,0.0
93098,森特股份,-35460,-0.05
93103,橫店影視,-1000,0.0
93106,恆銀金融,0,0.0
93108,潤達醫療,172691,0.030000000000000027
93111,康尼機電,-299100,-0.03999999999999998
93113,金能科技,45100,0.010000000000000002
93116,紅蜻蜓,0,0.0
93118,共進股份,-266575,-0.04
93126,中材節能,49067,0.009999999999999995
93128,華貿物流,25000,0.0
93157,拉夏貝爾,17500,0.030000000000000013
93160,匯頂科技,433973,0.18999999999999995
93165,榮晟環保,-74400,-0.17
93167,渤海輪渡,0,0.0
93168,莎普愛思,28750,0.010000000000000009
93169,蘭石重裝,141600,0.01999999999999999
93180,金牌廚櫃,22370,0.1200000000000001
93188,亞邦股份,139800,0.020000000000000018
93198,迎駕貢酒,-1425,0.0
93225,新鳳鳴,14200,0.010000000000000009
93228,景旺電子,43000,0.050000000000000044
93233,大參林,26500,0.040000000000000036
93239,浙江仙通,-4643,0.0
93258,電魂網絡,-51300,-0.06999999999999998
93260,合盛矽業,7548,0.009999999999999953
93288,海天味業,959195,0.040000000000000036
93298,杭叉集團,-43865,-0.020000000000000004
93300,華鐵科技,-148900,-0.04000000000000001
93305,旭昇股份,4800,0.0
93306,華懋科技,-1200,0.0
93308,應流股份,0,0.0
93328,依頓電子,3950,0.0
93337,傑克股份,26416,0.04000000000000001
93338,浙江鼎力,14360,0.010000000000000231
93339,四方冷鏈,11000,0.020000000000000004
93355,萊克電氣,-15600,0.0
93357,設計總院,-11501,-0.02
93358,華達科技,-6480,-0.010000000000000002
93363,傲農生物,-1600,0.0
93366,日出東方,0,0.0
93368,柳藥股份,-339057,-0.16000000000000014
93369,今世緣,339578,0.020000000000000018
93387,基蛋生物,-4280,-0.009999999999999995
93399,吉翔股份,0,0.0
93421,鼎信通訊,700,0.009999999999999995
93444,吉比特,-3200,-0.010000000000000009
93508,思維列控,-200,0.0
93515,歐普照明,275646,0.27999999999999936
93517,絕味食品,-14435,-0.010000000000000009
93528,多倫科技,0,0.0
93533,掌閱科技,800,0.009999999999999995
93555,貴人鳥,0,0.0
93556,海興電力,-67770,-0.04000000000000001
93567,珍寶島,-27500,0.0
93568,偉明環保,66674,0.010000000000000009
93569,長久物流,3651,0.010000000000000009
93579,榮泰健康,-62551,-0.12
93585,蘇利股份,-2420,0.0
93588,高能環境,213000,0.030000000000000027
93589,口子窖,-2198,0.0
93595,東尼電子,6500,0.019999999999999997
93599,廣信股份,-28900,0.0
93600,永藝股份,-78850,-0.03
93603,博天環境,-100,0.0
93609,禾豐牧業,76000,0.0
93612,索通發展,-77980,-0.039999999999999994
93616,韓建河山,0,0.0
93618,杭電股份,60200,0.0
93619,中曼石油,-2400,0.0
93626,科森科技,5600,0.0
93628,清源股份,39600,0.04000000000000001
93639,海利爾,13120,0.030000000000000027
93658,安圖生物,217429,0.1599999999999997
93659,璞泰來,8000,0.010000000000000009
93660,蘇州科達,-15867,0.0
93669,靈康藥業,-23940,-0.009999999999999995
93686,龍馬環衛,25156,0.009999999999999995
93698,航天工程,-1000,0.0
93699,紐威股份,0,0.0
93707,健友股份,24491,0.01
93711,香飄飄,12400,0.03
93727,博邁科,0,0.0
93728,鳴志電器,1600,0.0
93730,岱美股份,12367,0.009999999999999995
93737,三棵樹,-17430,-0.040000000000000036
93757,大元泵業,2092,0.010000000000000009
93766,隆鑫通用,-220007,-0.009999999999999981
93776,永安行,10000,0.03
93777,來伊份,0,0.0
93798,康普頓,-12442,-0.010000000000000009
93799,華友鈷業,75469,0.010000000000000009
93803,瑞斯康達,-38500,-0.01
93806,福斯特,-163362,-0.030000000000000027
93816,顧家家居,-34154,-0.030000000000001137
93818,曲美家居,-39910,-0.010000000000000009
93833,歐派家居,-236076,-0.2699999999999996
93848,好太太,-7900,-0.010000000000000009
93858,步長製藥,48900,0.010000000000000009
93861,白雲電器,-34404,-0.03
93866,桃李麵包,25500,0.040000000000000036
93868,飛科電器,-48274,-0.11000000000000121
93877,太平鳥,-32126,-0.020000000000000018
93881,數據港,-7500,-0.010000000000000009
93883,老百姓,-42012,-0.019999999999999962
93885,吉祥航空,150005,0.009999999999999995
93888,新華網,19700,0.010000000000000009
93895,天永智能,200,0.0
93898,好萊客,-18802,-0.020000000000000018
93899,晨光文具,33298,0.0
93929,亞翔集成,39500,0.03999999999999998
93939,益豐藥房,-160360,-0.040000000000000036
93959,百利科技,-8800,-0.009999999999999981
93979,金誠信,0,0.0
93989,艾華集團,-29051,-0.010000000000000009
93993,洛陽鉬業,-38168792,-0.20999999999999996
93997,繼峰股份,0,0.0
